HITId,HITTypeId,Title,Description,Keywords,Reward,CreationTime,MaxAssignments,RequesterAnnotation,AssignmentDurationInSeconds,AutoApprovalDelayInSeconds,Expiration,NumberOfSimilarHITs,LifetimeInSeconds,AssignmentId,WorkerId,AssignmentStatus,AcceptTime,SubmitTime,AutoApprovalTime,ApprovalTime,RejectionTime,RequesterFeedback,WorkTimeInSeconds,LifetimeApprovalRate,Last30DaysApprovalRate,Last7DaysApprovalRate,Input.URL1,Input.NAME1,Input.URL2,Input.NAME2,Input.URL3,Input.NAME3,Input.URL4,Input.NAME4,Input.URL5,Input.NAME5,Answer.Performance1,Answer.Performance2,Answer.Performance3,Answer.Performance4,Answer.Performance5,Answer.Reason1,Answer.Reason2,Answer.Reason3,Answer.Reason4,Answer.Reason5,Approve,Reject
37G6BXQPLRYL6BQP0RYO730UUFXEQE,373P3486EGZJT0EYCYGAG48EV7G8CH,Rate a robot's performance of a task in a video,"Provided a video of a robot performing a task, rate the robot's performance.","robotics, trajectory, evaluation, quality, imitation learning, learning from demonstration, robot",$0.25,Sun Sep 02 22:01:09 PDT 2018,1,BatchId:3359609;OriginalHitTemplateId:920937332;,600,259200,Wed Sep 05 22:01:09 PDT 2018,,,30OG32W0SWO2QYBRA1B9ST1DIBFNEV,A4OVCB3307414,Submitted,Sun Sep 02 22:01:37 PDT 2018,Sun Sep 02 22:06:02 PDT 2018,Wed Sep 05 22:06:02 PDT 2018,,,,265,0% (0/0),0% (0/0),0% (0/0),https://drive.google.com/file/d/1Km4HcmG-YsvYncGZH4BKaqJR8mCpLE0a/preview,tpgmm_envC_initD_user2.avi,https://drive.google.com/file/d/1LAXrOWK3zAcILU2ym5Y-u3LvPPG-_ehI/preview,promp_envC_initB_user1.avi,https://drive.google.com/file/d/1m9s1Pst6unUePPmjzvtvXMSOT1VAGfAR/preview,tpgmm_envC_initB_user2_g.avi,https://drive.google.com/file/d/1SifluyLwWpzNjsymqQjqxJTTqamn1N_P/preview,tlgc_envC_initD_user4.avi,https://drive.google.com/file/d/1aWXaoLwtByn8k-xgvS0-9NTgL-xko5XA/preview,clfdm_envC_initB_user5.avi,Strongly agree,Strongly agree,Disagree,Agree,Agree,,,GoalFailed,Unsafe,Inefficient,,
35U0MRQMUKKZNAZVG4VUI2TGF9IOVM,373P3486EGZJT0EYCYGAG48EV7G8CH,Rate a robot's performance of a task in a video,"Provided a video of a robot performing a task, rate the robot's performance.","robotics, trajectory, evaluation, quality, imitation learning, learning from demonstration, robot",$0.25,Sun Sep 02 22:01:09 PDT 2018,1,BatchId:3359609;OriginalHitTemplateId:920937332;,600,259200,Wed Sep 05 22:01:09 PDT 2018,,,3F6KKYWMNDEXYSXRE60PMBJSIZEND2,A2KYOM2ZGYDJGT,Submitted,Sun Sep 02 22:01:36 PDT 2018,Sun Sep 02 22:06:07 PDT 2018,Wed Sep 05 22:06:07 PDT 2018,,,,271,0% (0/0),0% (0/0),0% (0/0),https://drive.google.com/file/d/18xrXECX1hgw8A-k4iQxgcLsQUWj0DHAM/preview,promp_envC_initB_user10.avi,https://drive.google.com/file/d/1RA0thSq1vPs3mbLUZWxEIkF-IsugSEhf/preview,tpgmm_envC_initD_user7.avi,https://drive.google.com/file/d/1wpEfINOcrAv9mV8Zo-1ZfR42K8Soe2aS/preview,promp_envC_initC_user2_g.avi,https://drive.google.com/file/d/1bWkTUyzBehHuH17a1ir6kQWINWA24Jf0/preview,tpgmm_envC_initA_user5.avi,https://drive.google.com/file/d/1A3CW9jdCFgTRh01DdVd3gy5GaQkQOG-_/preview,promp_envC_initD_user5.avi,Strongly disagree,Strongly agree,Strongly disagree,Strongly agree,Strongly agree,GoalFailed|Inefficient,,GoalFailed|Inefficient,,,,
3LG268AV39JLIC5PD6NOCTAZQ1ZERF,373P3486EGZJT0EYCYGAG48EV7G8CH,Rate a robot's performance of a task in a video,"Provided a video of a robot performing a task, rate the robot's performance.","robotics, trajectory, evaluation, quality, imitation learning, learning from demonstration, robot",$0.25,Sun Sep 02 22:01:09 PDT 2018,1,BatchId:3359609;OriginalHitTemplateId:920937332;,600,259200,Wed Sep 05 22:01:09 PDT 2018,,,3R6BYFZZP9PZ86PR7IIO8DDBWQ4XF7,A31681CCEVDIH3,Submitted,Sun Sep 02 22:01:38 PDT 2018,Sun Sep 02 22:09:33 PDT 2018,Wed Sep 05 22:09:33 PDT 2018,,,,475,0% (0/0),0% (0/0),0% (0/0),https://drive.google.com/file/d/1z5yKMzZR8cFOmqmplq5j7-02CWIFp3db/preview,tpgmm_envC_initC_user8.avi,https://drive.google.com/file/d/17esBh9R_elBQulWGGqAixdtMmJRWzvRT/preview,promp_envC_initC_user6.avi,https://drive.google.com/file/d/1wpEfINOcrAv9mV8Zo-1ZfR42K8Soe2aS/preview,promp_envC_initC_user2_g.avi,https://drive.google.com/file/d/1jUGxwl8l89hipTeL74H9ibBZoKpRPF3E/preview,clfdm_envC_initD_user7.avi,https://drive.google.com/file/d/1Plv52fkT8g5jQAhTPFVb4Hd0Tv9w76iw/preview,tlgc_envC_initA_user8.avi,Strongly disagree,Strongly agree,Strongly disagree,Disagree,Disagree,GoalFailed|Inefficient|Unsafe,,GoalFailed|Unsafe,GoalFailed,GoalFailed,,
3P0I4CQYVZKC2ZZ06E0Q44CUMIKOWW,373P3486EGZJT0EYCYGAG48EV7G8CH,Rate a robot's performance of a task in a video,"Provided a video of a robot performing a task, rate the robot's performance.","robotics, trajectory, evaluation, quality, imitation learning, learning from demonstration, robot",$0.25,Sun Sep 02 22:01:09 PDT 2018,1,BatchId:3359609;OriginalHitTemplateId:920937332;,600,259200,Wed Sep 05 22:01:09 PDT 2018,,,3B3WTRP3DDFP6GVHG7X38RX4GJ929A,A3F9N2P4NUUR7S,Submitted,Sun Sep 02 22:01:31 PDT 2018,Sun Sep 02 22:04:48 PDT 2018,Wed Sep 05 22:04:48 PDT 2018,,,,197,0% (0/0),0% (0/0),0% (0/0),https://drive.google.com/file/d/1iyN0laLUq0OcWDIezvfynZEp9Apapk8O/preview,clfdm_envC_initC_user8.avi,https://drive.google.com/file/d/1r7I6lLJd5xaL4SECR6y1ZE87aOMD5Rl7/preview,tlgc_envC_initC_user7.avi,https://drive.google.com/file/d/1wpEfINOcrAv9mV8Zo-1ZfR42K8Soe2aS/preview,promp_envC_initC_user2_g.avi,https://drive.google.com/file/d/1knGiFw16unCtZY-OmJgKvgPinNGCuLhV/preview,clfdm_envC_initC_user2.avi,https://drive.google.com/file/d/1mBSlfIZ-1oEEd5sdi_nAq-NG4PVGqGZh/preview,tpgmm_envC_initD_user8.avi,Strongly agree,Strongly agree,Strongly disagree,Strongly agree,Strongly disagree,,,GoalFailed|Inefficient,,GoalFailed|Inefficient|Unsafe,,
3TLFH2L6YA163B61OBXIA72SHJ6T25,373P3486EGZJT0EYCYGAG48EV7G8CH,Rate a robot's performance of a task in a video,"Provided a video of a robot performing a task, rate the robot's performance.","robotics, trajectory, evaluation, quality, imitation learning, learning from demonstration, robot",$0.25,Sun Sep 02 22:01:09 PDT 2018,1,BatchId:3359609;OriginalHitTemplateId:920937332;,600,259200,Wed Sep 05 22:01:09 PDT 2018,,,33M4IA01QIEWBWU0YDIIP2RUZEFRXW,ATTNJ2IHS8MH8,Submitted,Sun Sep 02 22:01:40 PDT 2018,Sun Sep 02 22:04:16 PDT 2018,Wed Sep 05 22:04:16 PDT 2018,,,,156,0% (0/0),0% (0/0),0% (0/0),https://drive.google.com/file/d/1SAbrztNNJDWo1IFoiQxYGOIZNZfdqH0k/preview,tlgc_envC_initD_user10.avi,https://drive.google.com/file/d/1struFBQlvVwl-TErsWrCLI0yD4b0lCXL/preview,clfdm_envC_initB_user7.avi,https://drive.google.com/file/d/16HbdWTlY_K6gIKRBnc9Szoet-f6F93Y0/preview,clfdm_envC_initA_user2_g.avi,https://drive.google.com/file/d/1pc3kgk08W5uOYgpHOd53u031KvmcMXmo/preview,tlgc_envC_initB_user1.avi,https://drive.google.com/file/d/1LWEZcEXKwTTTcSa-QIHlo4lnwpe5U7D2/preview,clfdm_envC_initA_user8.avi,Strongly disagree,Strongly disagree,Strongly disagree,Strongly agree,Strongly agree,GoalFailed|Inefficient|Unsafe,GoalFailed|Inefficient|Unsafe,GoalFailed|Inefficient|Unsafe,,,,
371QPA24C31ZEQO557X45OSNPDST1O,373P3486EGZJT0EYCYGAG48EV7G8CH,Rate a robot's performance of a task in a video,"Provided a video of a robot performing a task, rate the robot's performance.","robotics, trajectory, evaluation, quality, imitation learning, learning from demonstration, robot",$0.25,Sun Sep 02 22:01:09 PDT 2018,1,BatchId:3359609;OriginalHitTemplateId:920937332;,600,259200,Wed Sep 05 22:01:09 PDT 2018,,,3SB4CE2TJX84CF8JW2WWUC2KZARXAU,A31681CCEVDIH3,Submitted,Sun Sep 02 22:12:03 PDT 2018,Sun Sep 02 22:14:50 PDT 2018,Wed Sep 05 22:14:50 PDT 2018,,,,167,0% (0/0),0% (0/0),0% (0/0),https://drive.google.com/file/d/1mbMIuVg1Y4tT7ngKLps9tqiXmEjLvH3P/preview,tpgmm_envC_initD_user9.avi,https://drive.google.com/file/d/1hzerCoRymvW_oC3a6HvMNXPV2d07w87j/preview,tpgmm_envC_initA_user7.avi,https://drive.google.com/file/d/1m9s1Pst6unUePPmjzvtvXMSOT1VAGfAR/preview,tpgmm_envC_initB_user2_g.avi,https://drive.google.com/file/d/1d_306t9tc-y9auzja5riGWT2AAGWk0Mf/preview,tpgmm_envC_initB_user6.avi,https://drive.google.com/file/d/14-ALIP0ILrBZPikp4KGBFpTGKxRqTCo_/preview,clfdm_envC_initB_user1.avi,Strongly agree,Disagree,Strongly disagree,Agree,Strongly agree,,GoalFailed,Unsafe,,,,
3511RHPADWRZOIFHUSASPO0J0KBRLZ,373P3486EGZJT0EYCYGAG48EV7G8CH,Rate a robot's performance of a task in a video,"Provided a video of a robot performing a task, rate the robot's performance.","robotics, trajectory, evaluation, quality, imitation learning, learning from demonstration, robot",$0.25,Thu Sep 13 14:28:05 PDT 2018,1,BatchId:3371018;OriginalHitTemplateId:920937332;,600,259200,Sun Sep 16 14:28:05 PDT 2018,,,38BQUHLA9YDIK73GSEZ5KQ6RJCDMOG,A31681CCEVDIH3,Submitted,Thu Sep 13 14:28:20 PDT 2018,Thu Sep 13 14:32:29 PDT 2018,Sun Sep 16 14:32:29 PDT 2018,,,,249,100% (15/15),100% (15/15),0% (0/0),https://drive.google.com/file/d/1mbMIuVg1Y4tT7ngKLps9tqiXmEjLvH3P/preview,tpgmm_envC_initD_user9.avi,https://drive.google.com/file/d/1hzerCoRymvW_oC3a6HvMNXPV2d07w87j/preview,tpgmm_envC_initA_user7.avi,https://drive.google.com/file/d/1m9s1Pst6unUePPmjzvtvXMSOT1VAGfAR/preview,tpgmm_envC_initB_user2_g.avi,https://drive.google.com/file/d/1d_306t9tc-y9auzja5riGWT2AAGWk0Mf/preview,tpgmm_envC_initB_user6.avi,https://drive.google.com/file/d/14-ALIP0ILrBZPikp4KGBFpTGKxRqTCo_/preview,clfdm_envC_initB_user1.avi,Strongly agree,Disagree,Strongly disagree,Strongly agree,Disagree,,GoalFailed,GoalFailed,,GoalFailed,,