HITId,HITTypeId,Title,Description,Keywords,Reward,CreationTime,MaxAssignments,RequesterAnnotation,AssignmentDurationInSeconds,AutoApprovalDelayInSeconds,Expiration,NumberOfSimilarHITs,LifetimeInSeconds,AssignmentId,WorkerId,AssignmentStatus,AcceptTime,SubmitTime,AutoApprovalTime,ApprovalTime,RejectionTime,RequesterFeedback,WorkTimeInSeconds,LifetimeApprovalRate,Last30DaysApprovalRate,Last7DaysApprovalRate,Input.URL1,Input.NAME1,Input.URL2,Input.NAME2,Input.URL3,Input.NAME3,Input.URL4,Input.NAME4,Input.URL5,Input.NAME5,Answer.Performance1,Answer.Performance2,Answer.Performance3,Answer.Performance4,Answer.Performance5,Answer.Reason1,Answer.Reason2,Answer.Reason3,Answer.Reason4,Answer.Reason5,Approve,Reject
3DA79LNS5A8VOT2KSBBNTH7KNX6T3G,3PC7P8I8IZZ1MDUQ13MH2QW3ARBFWE,Rate a robot's performance of a task in a video,"Provided a video of a robot performing a task, rate the robot's performance.","robotics, trajectory, evaluation, quality, imitation learning, learning from demonstration, robot",$0.40,Sun Sep 02 22:02:00 PDT 2018,1,BatchId:3359610;OriginalHitTemplateId:920937332;,900,259200,Wed Sep 05 22:02:00 PDT 2018,,,3V26SBZTBFRUIIG69C0G8Q94GVWZZU,A2ZX5TLZPAQ2XD,Submitted,Sun Sep 02 22:02:04 PDT 2018,Sun Sep 02 22:03:43 PDT 2018,Wed Sep 05 22:03:43 PDT 2018,,,,99,0% (0/0),0% (0/0),0% (0/0),https://drive.google.com/file/d/1XZPoCNjx782zYbrdVFF1ZjqYOScZfIMp/preview,tlgc_envC_initD_user10.avi,https://drive.google.com/file/d/1xUUmelUbrooxoZWgPuId0ExxbbcTEzXa/preview,clfdm_envC_initB_user7.avi,https://drive.google.com/file/d/1pt9sWXBuiwRhf4QQWmnyXgjhl-N02_aN/preview,clfdm_envC_initA_user2_g.avi,https://drive.google.com/file/d/1TUkKZoHwtpssPaNoaqsh1O10n1751lbJ/preview,tlgc_envC_initB_user1.avi,https://drive.google.com/file/d/1mpMVMe0jXfg7e_je1CKtev37rnXNqofo/preview,clfdm_envC_initA_user8.avi,Agree,Agree,Agree,Agree,Agree,GoalFailed|Inefficient|Unsafe,GoalFailed|Inefficient|Unsafe,GoalFailed|Inefficient|Unsafe,GoalFailed|Inefficient|Unsafe,GoalFailed|Inefficient|Unsafe,,
3VI0PC2ZAZXRRZ4QGJWC6NQ1VKQOXP,3PC7P8I8IZZ1MDUQ13MH2QW3ARBFWE,Rate a robot's performance of a task in a video,"Provided a video of a robot performing a task, rate the robot's performance.","robotics, trajectory, evaluation, quality, imitation learning, learning from demonstration, robot",$0.40,Sun Sep 02 22:02:00 PDT 2018,1,BatchId:3359610;OriginalHitTemplateId:920937332;,900,259200,Wed Sep 05 22:02:00 PDT 2018,,,30LSNF239W8IHHOKK13GLKW7Z9W2IT,A1P7ZED14W8QPK,Submitted,Sun Sep 02 22:02:27 PDT 2018,Sun Sep 02 22:08:55 PDT 2018,Wed Sep 05 22:08:55 PDT 2018,,,,388,0% (0/0),0% (0/0),0% (0/0),https://drive.google.com/file/d/1zIPkT_OcPP9zPheRK9qbXDPoO9gUfD7V/preview,clfdm_envC_initA_user5.avi,https://drive.google.com/file/d/1mvKwy3f42ay57f2nNMUmthWWAHrfiJwi/preview,tlgc_envC_initB_user7.avi,https://drive.google.com/file/d/1pt9sWXBuiwRhf4QQWmnyXgjhl-N02_aN/preview,clfdm_envC_initA_user2_g.avi,https://drive.google.com/file/d/1fwq5Pr9fim3B9JRBgR0NHUB9MOdAEh0A/preview,clfdm_envC_initB_user4.avi,https://drive.google.com/file/d/1ViDUga9oIBwYFoULSgfinSpXLnvizKRt/preview,promp_envC_initD_user2.avi,Disagree,Agree,Disagree,Disagree,Disagree,GoalFailed,GoalFailed,GoalFailed|Inefficient,GoalFailed,GoalFailed|Inefficient,,
3LCXHSGDLUJXJR52SVNT23FVC3IES3,3PC7P8I8IZZ1MDUQ13MH2QW3ARBFWE,Rate a robot's performance of a task in a video,"Provided a video of a robot performing a task, rate the robot's performance.","robotics, trajectory, evaluation, quality, imitation learning, learning from demonstration, robot",$0.40,Sun Sep 02 22:02:00 PDT 2018,1,BatchId:3359610;OriginalHitTemplateId:920937332;,900,259200,Wed Sep 05 22:02:00 PDT 2018,,,3U8YCDAGXRTO259PIM4BBYUETLSQ0Z,AMGGLXGMFWEN2,Submitted,Sun Sep 02 22:02:29 PDT 2018,Sun Sep 02 22:04:33 PDT 2018,Wed Sep 05 22:04:33 PDT 2018,,,,124,0% (0/0),0% (0/0),0% (0/0),https://drive.google.com/file/d/1IsFEmUprWniPkPp4j2uMxq7b2SOAIgrv/preview,clfdm_envC_initC_user4.avi,https://drive.google.com/file/d/11aMGO1Nzqdb04PUVsGe7vn5-hiG6uaiQ/preview,tpgmm_envC_initA_user1.avi,https://drive.google.com/file/d/1Hmmg5mC21lEWcS73xluxZViQtu3ih2Tt/preview,tpgmm_envC_initB_user2_g.avi,https://drive.google.com/file/d/1uBLUazxmNmOJjZ8q6BIOB2ZETvR92Pgn/preview,promp_envC_initC_user2.avi,https://drive.google.com/file/d/1oCUojQ8Xa5fN-9KjrkwAAFLnYc2Z5nm-/preview,tlgc_envC_initA_user9.avi,Disagree,Disagree,Strongly disagree,Strongly disagree,Disagree,GoalFailed,GoalFailed|Inefficient,Inefficient,Inefficient|Unsafe,GoalFailed|Inefficient,,
335HHSX8CEI31CDML60AS7Q83G0HDS,3PC7P8I8IZZ1MDUQ13MH2QW3ARBFWE,Rate a robot's performance of a task in a video,"Provided a video of a robot performing a task, rate the robot's performance.","robotics, trajectory, evaluation, quality, imitation learning, learning from demonstration, robot",$0.40,Sun Sep 02 22:02:00 PDT 2018,1,BatchId:3359610;OriginalHitTemplateId:920937332;,900,259200,Wed Sep 05 22:02:00 PDT 2018,,,3Y54SXRO1NYHA7DXXXCQ5AT8THVUTK,A3DTPGXKABAFEJ,Submitted,Sun Sep 02 22:02:11 PDT 2018,Sun Sep 02 22:09:03 PDT 2018,Wed Sep 05 22:09:03 PDT 2018,,,,412,0% (0/0),0% (0/0),0% (0/0),https://drive.google.com/file/d/11YNvYj_X8mZI8BA48dm5LCgDFmS9CEHE/preview,tlgc_envC_initA_user5.avi,https://drive.google.com/file/d/1KVMXfKMJTQhAWy8iIwnRtTypL8Ggaq-G/preview,tpgmm_envC_initB_user5.avi,https://drive.google.com/file/d/1Hmmg5mC21lEWcS73xluxZViQtu3ih2Tt/preview,tpgmm_envC_initB_user2_g.avi,https://drive.google.com/file/d/1_NJagGD_oAgHxPk_PCKUQ9YBiRs3MAcL/preview,promp_envC_initB_user7.avi,https://drive.google.com/file/d/1pw_jXr_WRIiHqHTUVSVsF6nnDHefLSv0/preview,tpgmm_envC_initB_user10.avi,Agree,Agree,Strongly disagree,Strongly agree,Agree,Inefficient,Inefficient,GoalFailed,,Inefficient,,
3LXX8KJXPXM1Q3MSD3QYQK4JP3B9OC,3M36IJVRRAJSPNF7I6I18Y6AK68SI4,Rate a robot's performance of a task in a video,"Provided a video of a robot performing a task, rate the robot's performance.","robotics, trajectory, evaluation, quality, imitation learning, learning from demonstration, robot",$0.30,Thu Sep 13 14:31:31 PDT 2018,5,BatchId:3371022;OriginalHitTemplateId:920937332;,900,259200,Sun Sep 16 14:31:31 PDT 2018,,,323Q6SJS8KT2MGPC2E025RPHAPSHFL,A30QJ6OLAICVI7,Submitted,Thu Sep 13 14:50:21 PDT 2018,Thu Sep 13 14:53:15 PDT 2018,Sun Sep 16 14:53:15 PDT 2018,,,,174,0% (0/0),0% (0/0),0% (0/0),https://drive.google.com/file/d/1XZPoCNjx782zYbrdVFF1ZjqYOScZfIMp/preview,tlgc_envC_initD_user10.avi,https://drive.google.com/file/d/1xUUmelUbrooxoZWgPuId0ExxbbcTEzXa/preview,clfdm_envC_initB_user7.avi,https://drive.google.com/file/d/1pt9sWXBuiwRhf4QQWmnyXgjhl-N02_aN/preview,clfdm_envC_initA_user2_g.avi,https://drive.google.com/file/d/1TUkKZoHwtpssPaNoaqsh1O10n1751lbJ/preview,tlgc_envC_initB_user1.avi,https://drive.google.com/file/d/1mpMVMe0jXfg7e_je1CKtev37rnXNqofo/preview,clfdm_envC_initA_user8.avi,Strongly agree,Strongly disagree,Strongly disagree,Strongly agree,Agree,,GoalFailed|Unsafe,GoalFailed|Inefficient|Unsafe,,Unsafe,,