HITId,HITTypeId,Title,Description,Keywords,Reward,CreationTime,MaxAssignments,RequesterAnnotation,AssignmentDurationInSeconds,AutoApprovalDelayInSeconds,Expiration,NumberOfSimilarHITs,LifetimeInSeconds,AssignmentId,WorkerId,AssignmentStatus,AcceptTime,SubmitTime,AutoApprovalTime,ApprovalTime,RejectionTime,RequesterFeedback,WorkTimeInSeconds,LifetimeApprovalRate,Last30DaysApprovalRate,Last7DaysApprovalRate,Input.URL1,Input.NAME1,Input.URL2,Input.NAME2,Input.URL3,Input.NAME3,Input.URL4,Input.NAME4,Input.URL5,Input.NAME5,Answer.Performance1,Answer.Performance2,Answer.Performance3,Answer.Performance4,Answer.Performance5,Answer.Reason1,Answer.Reason2,Answer.Reason3,Answer.Reason4,Answer.Reason5,Approve,Reject
3WA2XVDZENUSWT75LIKQ1YJ3UFUE6S,3EKS5N8MHUSPQZ1LDYC94R3D7L7IZY,Rate a robot's performance of a task in a video,"Provided a video of a robot performing a task, rate the robot's performance.","robotics, trajectory, evaluation, quality, imitation learning, learning from demonstration, robot",$0.25,Mon Sep 03 18:15:13 PDT 2018,1,BatchId:3360311;OriginalHitTemplateId:920937332;,600,259200,Thu Sep 06 18:15:13 PDT 2018,,,30LB5CDZNENXGXAG5INO2R6IYSQ0ZO,A2T11H7YI7QPGD,Submitted,Mon Sep 03 18:15:23 PDT 2018,Mon Sep 03 18:22:56 PDT 2018,Thu Sep 06 18:22:56 PDT 2018,,,,453,0% (0/0),0% (0/0),0% (0/0),https://drive.google.com/file/d/173a_YCiRIOsHMmcbcicpIDOVl1aVO40q/preview,clfdm_envC_initA_user2.avi,https://drive.google.com/file/d/1N4l9tKA_lUnItcZYWRsxMCCnWutLCwAk/preview,promp_envC_initA_user10.avi,https://drive.google.com/file/d/1H4-ad6w7jc2fKNoNmW0lAN0YxTUhvNJK/preview,clfdm_envC_initA_user2_g.avi,https://drive.google.com/file/d/14QvDgaAQxLBykjVMk2sV8jpAFiMzWQHB/preview,promp_envC_initC_user8.avi,https://drive.google.com/file/d/1YASTFRupVCBsTdH2khfLUCUa0PrtWJzi/preview,clfdm_envC_initC_user1.avi,Strongly agree,Agree,Strongly disagree,Strongly agree,Strongly agree,,Inefficient,GoalFailed,,,,
3MDKGGG61R0ULCP2BD9L0KJ4XPHT6X,3EKS5N8MHUSPQZ1LDYC94R3D7L7IZY,Rate a robot's performance of a task in a video,"Provided a video of a robot performing a task, rate the robot's performance.","robotics, trajectory, evaluation, quality, imitation learning, learning from demonstration, robot",$0.25,Mon Sep 03 18:15:13 PDT 2018,1,BatchId:3360311;OriginalHitTemplateId:920937332;,600,259200,Thu Sep 06 18:15:13 PDT 2018,,,3IFS6Q0HJKWBMG5IEGIMC29BX77ISW,A2T11H7YI7QPGD,Submitted,Mon Sep 03 18:15:21 PDT 2018,Mon Sep 03 18:19:05 PDT 2018,Thu Sep 06 18:19:05 PDT 2018,,,,224,0% (0/0),0% (0/0),0% (0/0),https://drive.google.com/file/d/1zzUR9tCdbQQsgeNd8lAoCp-lfZqDNTxh/preview,clfdm_envC_initC_user2.avi,https://drive.google.com/file/d/12g6PIe6kD-J1exXLqm3L3sCJokHyI3wz/preview,tpgmm_envC_initD_user8.avi,https://drive.google.com/file/d/1rE31O4FgIE_ItOva1ZDg2-B-Eqeq5_EK/preview,promp_envC_initC_user2_g.avi,https://drive.google.com/file/d/1ANYaqspyomnVUHEm3b-MGPMm8iKc8Vqd/preview,tpgmm_envC_initD_user9.avi,https://drive.google.com/file/d/1ze9myeZznwOhtarYayjs6nYnNFpi7Azp/preview,tpgmm_envC_initA_user7.avi,Disagree,Strongly disagree,Strongly disagree,Strongly agree,Strongly disagree,GoalFailed|Inefficient,GoalFailed,GoalFailed,,GoalFailed,,
3Y3CZJSZ9L6LMTCW25UL8Z4MD99R52,3EKS5N8MHUSPQZ1LDYC94R3D7L7IZY,Rate a robot's performance of a task in a video,"Provided a video of a robot performing a task, rate the robot's performance.","robotics, trajectory, evaluation, quality, imitation learning, learning from demonstration, robot",$0.25,Mon Sep 03 18:15:13 PDT 2018,1,BatchId:3360311;OriginalHitTemplateId:920937332;,600,259200,Thu Sep 06 18:15:13 PDT 2018,,,3SBEHTYCWPG8I2HRDMABUOXCES2YIP,AYCEN3UEH5JKN,Submitted,Mon Sep 03 18:15:22 PDT 2018,Mon Sep 03 18:17:33 PDT 2018,Thu Sep 06 18:17:33 PDT 2018,,,,131,100% (2/2),100% (2/2),100% (1/1),https://drive.google.com/file/d/1ge0qN42Fh_LNfVU4g3njfVo3dYOCVPw0/preview,clfdm_envC_initC_user4.avi,https://drive.google.com/file/d/1KMlAWcPBz92otFGyg-k0beisSPTYjlAd/preview,tpgmm_envC_initA_user1.avi,https://drive.google.com/file/d/1rE31O4FgIE_ItOva1ZDg2-B-Eqeq5_EK/preview,promp_envC_initC_user2_g.avi,https://drive.google.com/file/d/1RGSzjTCeiKDxB_w5x7P0k8HkEN48tgKy/preview,promp_envC_initC_user2.avi,https://drive.google.com/file/d/13DIoGcIQYsPWoE5ujkptWcXCvYVfOQmB/preview,tlgc_envC_initA_user9.avi,Strongly agree,Strongly agree,Strongly agree,Strongly agree,Strongly agree,,,,,,,
33TGB4G0LQU74R9YC0IB0XWOUTGXTV,3EKS5N8MHUSPQZ1LDYC94R3D7L7IZY,Rate a robot's performance of a task in a video,"Provided a video of a robot performing a task, rate the robot's performance.","robotics, trajectory, evaluation, quality, imitation learning, learning from demonstration, robot",$0.25,Mon Sep 03 18:15:14 PDT 2018,1,BatchId:3360311;OriginalHitTemplateId:920937332;,600,259200,Thu Sep 06 18:15:14 PDT 2018,,,3K4J6M3CXG6TQTDT7SWS6Q2PWO8GA6,A31681CCEVDIH3,Submitted,Mon Sep 03 18:15:21 PDT 2018,Mon Sep 03 18:21:38 PDT 2018,Thu Sep 06 18:21:38 PDT 2018,,,,377,100% (10/10),100% (10/10),100% (10/10),https://drive.google.com/file/d/1EVLQ3UTPc1YJ1jZVnNANfJOeMLUbZ53c/preview,promp_envC_initC_user10.avi,https://drive.google.com/file/d/1B1bCJtzeEr8nifdfA_njnIu0x0VWvhsZ/preview,clfdm_envC_initA_user1.avi,https://drive.google.com/file/d/18UOQDE1_bAvHwrnzsvemPvKdTYsJfc0G/preview,tpgmm_envC_initB_user2_g.avi,https://drive.google.com/file/d/1vXbhui0gaxIrsoFgo7QnxmMnG-QToOPT/preview,clfdm_envC_initD_user1.avi,https://drive.google.com/file/d/16ZwXJY7hhzRaw1m7-oYxOU5TscJneiyj/preview,tpgmm_envC_initC_user6.avi,Strongly agree,Strongly agree,Strongly disagree,Strongly agree,Strongly disagree,,,GoalFailed|Unsafe,,GoalFailed,,
35F6NGNVM9WDPC37UNED6YJ0S01T7W,3EKS5N8MHUSPQZ1LDYC94R3D7L7IZY,Rate a robot's performance of a task in a video,"Provided a video of a robot performing a task, rate the robot's performance.","robotics, trajectory, evaluation, quality, imitation learning, learning from demonstration, robot",$0.25,Mon Sep 03 18:15:14 PDT 2018,1,BatchId:3360311;OriginalHitTemplateId:920937332;,600,259200,Thu Sep 06 18:15:14 PDT 2018,,,3AMYWKA6YDZGV4IO5YSOVU95RR96OT,A31681CCEVDIH3,Submitted,Mon Sep 03 18:15:22 PDT 2018,Mon Sep 03 18:23:28 PDT 2018,Thu Sep 06 18:23:28 PDT 2018,,,,486,100% (10/10),100% (10/10),100% (10/10),https://drive.google.com/file/d/1ekHD493W0yiQVMzETkE2h2iDbMfFwmmM/preview,clfdm_envC_initC_user9.avi,https://drive.google.com/file/d/1fXswv72dL1i7Ixumk8uBugj7CX7quoii/preview,tlgc_envC_initC_user6.avi,https://drive.google.com/file/d/1H4-ad6w7jc2fKNoNmW0lAN0YxTUhvNJK/preview,clfdm_envC_initA_user2_g.avi,https://drive.google.com/file/d/1PazgmVNY_s-_g8fHQU81KLR8gFQnScjf/preview,tpgmm_envC_initC_user10.avi,https://drive.google.com/file/d/1leHN2CKLH4kd7wSuoZOFyvypUwpX_YOV/preview,tpgmm_envC_initB_user1.avi,Strongly agree,Agree,Strongly disagree,Disagree,Strongly agree,,,GoalFailed|Unsafe,GoalFailed|Unsafe,,,
3BAWBGQGYMCS247WZIES7G7LPLHV7E,3EKS5N8MHUSPQZ1LDYC94R3D7L7IZY,Rate a robot's performance of a task in a video,"Provided a video of a robot performing a task, rate the robot's performance.","robotics, trajectory, evaluation, quality, imitation learning, learning from demonstration, robot",$0.25,Mon Sep 03 18:15:13 PDT 2018,1,BatchId:3360311;OriginalHitTemplateId:920937332;,600,259200,Thu Sep 06 18:15:13 PDT 2018,,,3WT783CTPDULSR2GBK05BA1GGE1BCM,A2T11H7YI7QPGD,Submitted,Mon Sep 03 18:15:22 PDT 2018,Mon Sep 03 18:20:31 PDT 2018,Thu Sep 06 18:20:31 PDT 2018,,,,309,0% (0/0),0% (0/0),0% (0/0),https://drive.google.com/file/d/1SyTgb357nCrGyzoSmwbjOGUdztoMNAXT/preview,clfdm_envC_initB_user8.avi,https://drive.google.com/file/d/1q-s2wKhq2dO7E5l0jrIpM-jlVUlZhfQZ/preview,promp_envC_initA_user5.avi,https://drive.google.com/file/d/18UOQDE1_bAvHwrnzsvemPvKdTYsJfc0G/preview,tpgmm_envC_initB_user2_g.avi,https://drive.google.com/file/d/1e3nuUh8WX1KAbFi9AeKESa-9_mOOGorQ/preview,tlgc_envC_initB_user6.avi,https://drive.google.com/file/d/1dv6mBKlZF6deRn2qgAqYnvkfSMpiA-iz/preview,tpgmm_envC_initC_user7.avi,Strongly agree,Strongly agree,Strongly disagree,Strongly agree,Strongly disagree,,,GoalFailed,,GoalFailed|Inefficient|Unsafe,,
3HXCEECSQN6SQ887NOTV5Z4EIGZYZS,3EKS5N8MHUSPQZ1LDYC94R3D7L7IZY,Rate a robot's performance of a task in a video,"Provided a video of a robot performing a task, rate the robot's performance.","robotics, trajectory, evaluation, quality, imitation learning, learning from demonstration, robot",$0.25,Thu Sep 13 14:32:27 PDT 2018,1,BatchId:3371024;OriginalHitTemplateId:920937332;,600,259200,Sun Sep 16 14:32:27 PDT 2018,,,33LK57MYLVIXH6USEK68CXC1V50ZS9,A31681CCEVDIH3,Submitted,Thu Sep 13 14:34:22 PDT 2018,Thu Sep 13 14:44:02 PDT 2018,Sun Sep 16 14:44:02 PDT 2018,,,,580,100% (15/15),100% (15/15),0% (0/0),https://drive.google.com/file/d/1ge0qN42Fh_LNfVU4g3njfVo3dYOCVPw0/preview,clfdm_envC_initC_user4.avi,https://drive.google.com/file/d/1KMlAWcPBz92otFGyg-k0beisSPTYjlAd/preview,tpgmm_envC_initA_user1.avi,https://drive.google.com/file/d/1H4-ad6w7jc2fKNoNmW0lAN0YxTUhvNJK/preview,clfdm_envC_initA_user2_g.avi,https://drive.google.com/file/d/1RGSzjTCeiKDxB_w5x7P0k8HkEN48tgKy/preview,promp_envC_initC_user2.avi,https://drive.google.com/file/d/13DIoGcIQYsPWoE5ujkptWcXCvYVfOQmB/preview,tlgc_envC_initA_user9.avi,Strongly disagree,Strongly disagree,Strongly disagree,Strongly agree,Strongly agree,GoalFailed,GoalFailed|Unsafe,GoalFailed,,,,
3VI0PC2ZAZXRRZ4QGJWC6NQ1W62OXA,3EKS5N8MHUSPQZ1LDYC94R3D7L7IZY,Rate a robot's performance of a task in a video,"Provided a video of a robot performing a task, rate the robot's performance.","robotics, trajectory, evaluation, quality, imitation learning, learning from demonstration, robot",$0.25,Thu Sep 13 14:32:27 PDT 2018,1,BatchId:3371024;OriginalHitTemplateId:920937332;,600,259200,Sun Sep 16 14:32:27 PDT 2018,,,3KV0LJBBH4YLHKVWK6G9ELBWUZ1MRT,AUI3R928P63B0,Submitted,Thu Sep 13 14:45:16 PDT 2018,Thu Sep 13 14:49:27 PDT 2018,Sun Sep 16 14:49:27 PDT 2018,,,,251,100% (36/36),100% (36/36),0% (0/0),https://drive.google.com/file/d/1ekHD493W0yiQVMzETkE2h2iDbMfFwmmM/preview,clfdm_envC_initC_user9.avi,https://drive.google.com/file/d/1fXswv72dL1i7Ixumk8uBugj7CX7quoii/preview,tlgc_envC_initC_user6.avi,https://drive.google.com/file/d/1rE31O4FgIE_ItOva1ZDg2-B-Eqeq5_EK/preview,promp_envC_initC_user2_g.avi,https://drive.google.com/file/d/1PazgmVNY_s-_g8fHQU81KLR8gFQnScjf/preview,tpgmm_envC_initC_user10.avi,https://drive.google.com/file/d/1leHN2CKLH4kd7wSuoZOFyvypUwpX_YOV/preview,tpgmm_envC_initB_user1.avi,Strongly agree,Disagree,Strongly disagree,Strongly disagree,Strongly agree,,GoalFailed,GoalFailed,GoalFailed|Inefficient|Unsafe,,,